Designator,Mid X,Mid Y,Rotation,Layer
C1,190.055,-110.8775,270.0,bottom
C2,188.33,-110.8775,270.0,bottom
C3,73.38,-103.1275,0.0,bottom
C4,76.655,-103.1275,180.0,bottom
C5_R1,352.805,-102.3025,180.0,bottom
C6_R1,356.13,-102.2775,180.0,bottom
C7_R1,243.38,-110.1525,90.0,bottom
C8_R1,241.755,-110.1525,90.0,bottom
D1,86.23,-135.3025,0.0,bottom
D10,143.08,-116.3025,0.0,bottom
D11,142.88,-97.3025,0.0,bottom
D12,162.08,-140.1525,0.0,bottom
D13,161.88,-120.9275,0.0,bottom
D14,162.005,-102.0525,0.0,bottom
D15,181.28,-145.0025,0.0,bottom
D16,181.205,-125.8525,0.0,bottom
D17,181.08,-106.7275,0.0,bottom
D18,160.105,-164.8275,0.0,bottom
D19,182.623778,-169.004551,15.0,bottom
D2,85.83,-116.3275,0.0,bottom
D20,203.798123,-178.577436,29.0,bottom
D21,73.34,-108.0025,90.0,bottom
D22,78.38,-108.0025,90.0,bottom
D23,83.42,-108.0025,90.0,bottom
D24,88.46,-108.0025,90.0,bottom
D25,80.755,-135.1025,180.0,bottom
D26,154.83,-164.7025,180.0,bottom
D29,80.655,-116.2775,180.0,bottom
D3,104.955,-144.8275,0.0,bottom
D30,99.68,-144.7775,180.0,bottom
D31,99.6575,-125.514016,180.0,bottom
D32,99.655,-106.7025,180.0,bottom
D33,118.73,-140.1025,180.0,bottom
D34,118.73,-121.1525,180.0,bottom
D35,118.755,-102.0025,180.0,bottom
D36,137.805,-135.3275,180.0,bottom
D37,137.78,-116.3525,180.0,bottom
D38,137.655,-97.2275,180.0,bottom
D39,156.805,-140.0525,180.0,bottom
D4,104.78,-125.5775,0.0,bottom
D40,156.7825,-121.040984,180.0,bottom
D41,156.83,-101.9775,180.0,bottom
D42,175.905,-144.8275,180.0,bottom
D43,175.855,-125.8025,180.0,bottom
D44,175.905,-106.8275,180.0,bottom
D45,177.787074,-167.618978,195.0,bottom
D46,199.119988,-175.989556,209.0,bottom
D47_R1,356.76,-108.0025,270.0,bottom
D48_R1,351.726667,-108.0025,270.0,bottom
D5,105.08,-106.4275,0.0,bottom
D50_R1,346.693333,-108.0025,270.0,bottom
D52_R1,341.66,-108.0025,270.0,bottom
D53_R1,348.755,-135.3525,180.0,bottom
D54_R1,348.73,-116.3025,180.0,bottom
D55_R1,329.655,-144.8775,180.0,bottom
D56_R1,329.705,-125.7275,180.0,bottom
D57_R1,329.705,-106.8025,180.0,bottom
D58_R1,310.655,-140.0775,180.0,bottom
D59_R1,310.63,-121.0775,180.0,bottom
D6,123.98,-139.9025,0.0,bottom
D60_R1,310.63,-102.1275,180.0,bottom
D61_R1,354.03,-135.3525,0.0,bottom
D62_R1,354.105,-116.2525,0.0,bottom
D63_R1,334.78,-144.8025,0.0,bottom
D64_R1,335.03,-125.8025,0.0,bottom
D65_R1,291.58,-135.3525,180.0,bottom
D66_R1,291.63,-116.2275,180.0,bottom
D67_R1,291.53,-97.1775,180.0,bottom
D68_R1,272.53,-140.0525,180.0,bottom
D69_R1,272.53,-121.0775,180.0,bottom
D7,123.93,-121.0025,0.0,bottom
D70_R1,272.53,-102.0025,180.0,bottom
D71_R1,253.505,-144.8275,180.0,bottom
D72_R1,334.93,-106.7775,0.0,bottom
D73_R1,315.93,-140.2025,0.0,bottom
D74_R1,316.005,-121.1025,0.0,bottom
D75_R1,316.005,-102.1025,0.0,bottom
D76_R1,253.53,-125.7775,180.0,bottom
D77_R1,253.505,-106.7025,180.0,bottom
D78_R1,274.455,-164.9025,180.0,bottom
D79_R1,251.572926,-167.793978,165.0,bottom
D8,124.03,-102.0525,0.0,bottom
D80_R1,230.269988,-176.390444,151.0,bottom
D81_R1,296.93,-135.3525,0.0,bottom
D82_R1,296.905,-116.3775,0.0,bottom
D83_R1,297.055,-97.2525,0.0,bottom
D84_R1,278.005,-140.1025,0.0,bottom
D85_R1,277.83,-121.0275,0.0,bottom
D86_R1,276.98,-101.1525,270.0,bottom
D87_R1,258.905,-144.9525,0.0,bottom
D88_R1,258.905,-125.8775,0.0,bottom
D89_R1,258.68,-106.7025,0.0,bottom
D9,143.13,-135.2525,0.0,bottom
D90_R1,279.63,-164.9775,0.0,bottom
D91_R1,256.705,-166.5525,345.0,bottom
D92_R1,234.898123,-173.927564,331.0,bottom
JST1,139.68,-159.8775,90.0,bottom
JST2_R1,291.13,-159.6775,270.0,bottom
PSW1,187.005,-102.7525,0.0,bottom
PSW2_R1,243.0,-102.7525,0.0,bottom
Q1,74.155,-153.515,180.0,bottom
Q2,87.5675,-153.2575,0.0,bottom
Q3_R1,356.4425,-153.1025,0.0,bottom
Q4_R1,342.955,-153.2525,180.0,bottom
R1,76.255,-135.2025,0.0,bottom
R10,114.33,-121.2275,0.0,bottom
R11,114.455,-101.9025,0.0,bottom
R12,133.58,-135.3525,0.0,bottom
R13,133.58,-116.3275,0.0,bottom
R14,133.355,-97.3025,0.0,bottom
R15,152.53,-140.0525,0.0,bottom
R16,152.43,-121.0775,0.0,bottom
R17,152.505,-101.8775,0.0,bottom
R18,171.63,-144.8525,0.0,bottom
R19,171.38,-125.9275,0.0,bottom
R2,150.63,-164.6775,0.0,bottom
R20,171.53,-106.8775,0.0,bottom
R21,173.883111,-166.463974,15.0,bottom
R22,195.333439,-173.877532,29.0,bottom
R25_R1,344.43,-135.3775,0.0,bottom
R26_R1,344.455,-116.2525,0.0,bottom
R27_R1,325.405,-144.9525,0.0,bottom
R28_R1,325.305,-125.7025,0.0,bottom
R29_R1,325.48,-106.6275,0.0,bottom
R3,76.28,-116.2775,0.0,bottom
R30_R1,306.43,-140.1275,0.0,bottom
R31_R1,306.38,-121.0275,0.0,bottom
R32_R1,306.38,-102.1525,0.0,bottom
R33_R1,287.205,-135.3275,0.0,bottom
R34_R1,287.23,-116.2275,0.0,bottom
R35_R1,287.38,-97.2025,0.0,bottom
R36_R1,268.155,-140.1775,0.0,bottom
R37_R1,268.255,-121.0775,0.0,bottom
R38_R1,268.18,-102.0525,0.0,bottom
R39_R1,248.98,-144.8275,0.0,bottom
R4,95.205,-144.7775,0.0,bottom
R40_R1,249.03,-125.7775,0.0,bottom
R41_R1,248.955,-106.6525,0.0,bottom
R42_R1,270.23,-164.9525,0.0,bottom
R43_R1,247.233111,-169.091026,345.0,bottom
R44_R1,226.408439,-178.727468,331.0,bottom
R7,95.48,-125.4775,0.0,bottom
R706,77.305,-153.5275,90.0,bottom
R707,79.03,-153.5025,90.0,bottom
R708_R1,347.98,-153.2525,90.0,bottom
R709_R1,346.33,-153.2525,90.0,bottom
R710,84.355,-153.4775,90.0,bottom
R711,82.43,-153.4775,90.0,bottom
R712,189.155,-113.3775,180.0,bottom
R713_R1,351.555,-153.1025,270.0,bottom
R714_R1,353.205,-153.1025,270.0,bottom
R715_R1,242.555,-112.6275,0.0,bottom
R8,95.43,-106.7775,0.0,bottom
R9,114.455,-140.1275,0.0,bottom
RSW1,142.83,-170.9025,90.0,bottom
RSW2_R1,287.18,-169.8525,270.0,bottom
SW1,80.987241,-140.4825,0.0,bottom
SW10,138.137241,-121.4325,0.0,bottom
SW11,138.137241,-102.3825,0.0,bottom
SW12,157.187241,-145.245,0.0,bottom
SW13,157.187241,-126.195,0.0,bottom
SW14,157.187241,-107.145,0.0,bottom
SW15,176.237241,-150.0075,0.0,bottom
SW16,176.237241,-130.9575,0.0,bottom
SW17,176.237241,-111.9075,0.0,bottom
SW18,155.282241,-170.01,0.0,bottom
SW19,176.832241,-172.71,15.0,bottom
SW2,80.987241,-121.4325,0.0,bottom
SW20,197.000895,-180.702365,29.0,bottom
SW21,349.087241,-140.4825,0.0,bottom
SW22,349.087241,-121.4325,0.0,bottom
SW23,330.037241,-150.0075,0.0,bottom
SW24,330.037241,-130.9575,0.0,bottom
SW25,330.037241,-111.9075,0.0,bottom
SW26,310.987241,-145.245,0.0,bottom
SW27,310.987241,-126.195,0.0,bottom
SW28,310.987241,-107.145,0.0,bottom
SW29,291.937241,-140.4825,0.0,bottom
SW3,100.037241,-150.0075,0.0,bottom
SW30,291.937241,-121.4325,0.0,bottom
SW31,291.937241,-102.3825,0.0,bottom
SW32,272.887241,-145.245,0.0,bottom
SW33,272.887241,-126.195,0.0,bottom
SW34,272.887241,-107.145,0.0,bottom
SW35,253.837241,-150.0075,0.0,bottom
SW36,253.837241,-130.9575,0.0,bottom
SW37,253.837241,-111.9075,0.0,bottom
SW38,274.792241,-170.01,0.0,bottom
SW39,253.242241,-172.71,345.0,bottom
SW4,100.037241,-130.9575,0.0,bottom
SW40,233.073587,-180.702365,331.0,bottom
SW5,100.037241,-111.9075,0.0,bottom
SW6,119.087241,-145.245,0.0,bottom
SW7,119.087241,-126.195,0.0,bottom
SW8,119.087241,-107.145,0.0,bottom
SW9,138.137241,-140.4825,0.0,bottom
U1,228.3375,-112.2498,0.0,bottom
U3,201.5925,-112.2498,0.0,bottom
